Country,slope(log cases),start day,start date,intersecpt(log cases),MSE fit,exp MSE,pred_day 0,pred_day 1,pred_day 2,pred_day 3,pred_day 4,pred_day 5,pred_day 6,pred_day 7,pred_day 8,pred_day 9,pred_day 10,pred_day 11,pred_day 12,pred_day 13,pred_day 14,pred_day 15,pred_day 16,pred_day 17,pred_day 18,pred_day 19,pred_day 20,pred_day 21,pred_day 22,pred_day 23,pred_day 24,pred_day 25,pred_day 26,pred_day 27,pred_day 28,pred_day 29,pred_day 30,pred_day 31,pred_day 32,pred_day 33,pred_day 34,pred_day 35,pred_day 36,pred_day 37,pred_day 38,pred_day 39,pred_day 40,pred_day 41,pred_day 42,pred_day 43,pred_day 44,pred_day 45,pred_day 46,pred_day 47,pred_day 48,pred_day 49,pred_day 50,pred_day 51,pred_day 52,pred_day 53,pred_day 54,pred_day 55,pred_day 56,pred_day 57,pred_day 58,pred_day 59,pred_day 60,pred_day 61,pred_day 62,pred_day 63,pred_day 64
Singapore,0.04693481800185514,21,2/12/20,3.9501366005325123,3.912023005428146,49.99999999999999,51.94246171816868,54.43848880746487,57.054459215279614,59.79613666097281,62.66956183190264,65.68106569276098,68.83728343447093,72.14516909338069,75.61201087296365,79.24544720178248,83.05348356309827,87.04451013320396,91.22732026734518,95.61112987395734,100.20559771990732,105.02084671147597,110.06748619797101,115.35663534711074,120.89994764368093,126.70963656544345,132.79850249286628,139.1799609119658,145.86807197239986,152.87757146593586,160.2239032935496,167.92325349268705,175.99258589966246,184.44967952576602,193.3131677294311,202.60257927077015,212.33838133893116,222.5420246470784,233.23599069435244,244.44384129894374,256.1902705114114,268.5011590226298,281.4036311862371,294.92611478122404,309.0984036463342,323.9517233242807,339.5187998604082,355.83393190738406,372.93306629478906,390.853877230103,409.6358493055917,429.3203644939807,449.9507933245932,471.5725904408372,494.2333947495824,517.9831343830872,542.8741367047292,568.9612436009222,596.3019323132327,624.9564420769252,654.9879068449599,686.4624943898658,719.4495520899756,754.0217597212218,790.2552895911516,828.229974367965,868.0294829743588,909.7415049337245,953.4579435748562,999.2751185208608,1047.2939779084068
Qatar,0.05961387409230876,49,3/11/20,5.6441318040288335,5.568344503761097,261.99999999999994,282.6280731200591,299.98896124257755,318.41627009632543,337.97550630561614,358.73620034548526,380.77215371325207,404.1617012829941,428.98798977557476,455.33927333414124,483.3092272558269,512.9972809949362,544.5089716213876,577.9563189909137,613.4582239607064,651.1408910660952,691.1382771608352,733.5925676158479,778.6546817692415,826.484809424425,877.252980303485,931.1396684801582,988.3364339410894,1049.0466035560219,1113.4859938776883,1181.8836783408672,1254.4828015878709,1331.5414438153148,1413.3335382147782,1500.149844768753,1592.2989838635813,1690.1085333937615,1793.9261932576437,1904.121021384188,2021.0847456846534,2145.2331565930604,2277.007585145701,2416.8764718540915,2565.3370319484948,2722.917022911715,2890.1766205865365,3067.7104105261037,3256.1495016662343,3456.163769833459,3668.4642390642407,3893.8056092005313,4132.988938747023,4386.8644925272565,4656.334764261593,4942.357684812018,5245.95002749852,5568.1910225925785,5910.226193836801,6273.271430628943,6658.617310346544,7067.633686177281,7501.774556764271,7962.5832349772645,8451.69783418397,8970.85709152453,9521.906548890005,10106.80511357764,10727.632021944886,11386.59423081724,12086.034262925315,12828.43853426052
United Arab Emirates,0.06622259558982367,48,3/10/20,4.245936341738506,4.30406509320417,74.00000000000003,69.82110596186128,74.60137489951839,79.70892268504726,85.1661563096991,90.99701684876426,97.22708449190952,103.88369076436692,110.99603843129364,118.59532961132643,126.71490266137093,135.3903784331421,144.6598165430902,154.56388234127215,165.1460253116694,176.4526696865971,188.5334181114395,201.44126925319503,215.23285030748633,229.96866542405417,245.71336114058383,262.5360099893324,280.5104135207511,299.7154260734748,320.2353007110708,342.1600588431837,365.5858851526156,390.61554956090396,417.3588580835705,445.93313455296243,476.4637353220196,509.0845992069894,543.9388350817131,581.179349701273,620.9695185092875,663.4839023717161,708.9090133814943,757.4441330936309,809.3021867803765,864.7106775418579,923.9126843701608,987.1679285453907,1054.7539130420332,1126.9671399442439,1204.1244112108782,1286.5642184968035,1374.6482281276571,1468.7628677426962,1569.321021566409,1676.7638417460828,1791.5626837017471,1914.2211739789311,2045.2774196759747,2185.3063691387497,2334.922334279212,2494.7816855832925,2665.5857316312604,2848.083795763031,3043.0765033859575,3251.4192943465623,3474.026175775138,3711.8737318670824,3966.0054081920266,4237.536089326131,4527.656989889806,4837.6408804480425
Kuwait,0.06713829527847186,40,3/2/20,3.8225163369710047,4.02535169073515,56.00000000000002,45.71910837928393,48.893997197559244,52.28936098496097,55.92051026566607,59.80381877819953,63.9567973086186,68.39817265092168,73.14797205073397,78.22761351304693,83.66000238123127,89.46963462282174,95.68270728781461,102.32723663756109,109.4331844769291,117.03259325939547,125.15973057429069,133.85124366772453,143.14632469396477,153.0868874424283,163.71775633718943,175.08686856124996,187.24549021700017,200.24844749758887,214.15437391161234,229.02597467591792,244.93030946873407,261.9390948181297,280.12902748934647,299.58213032923595,320.38612212729925,342.63481316112217,366.42852820981744,391.8745589429446,419.0876477248394,448.1905050159451,479.31436270423404,512.599565861826,548.1962055951791,586.2647958425279,626.976997170415,670.5163908330908,717.0793065852034,766.8757079805894,820.1301391491937,877.082737321366,937.9903156652533,1003.1275213200672,1072.7880738470803,1147.286089682829,1226.957498566808,1312.161558330666,1403.2824748794762,1500.7311346699482,1604.9469574977659,1716.3998779487147,1835.592464448448,1963.0621854662027,2099.38383309133,2245.172114911143,2401.08442587749,2567.8238126610613,2746.1421438604675,2936.8435003612817,3140.787801133046,3358.8946808138217
Japan,0.0833215626972436,25,2/16/20,4.319153527921288,4.07753744390572,59.000000000000014,75.12501014682765,81.65271663884063,88.74762374703448,96.4590162453782,104.84046132375516,113.95018069246012,123.85145501932479,134.61306350889168,146.3097616771761,159.02280064087623,172.8404915282746,187.85881893251377,204.18210766859448,221.92374746573014,241.20698062912805,262.1657581426922,284.9456701595672,309.7049573441712,336.6156100910117,365.86456325600267,397.6549946994862,432.20773666128997,469.762809771936,510.58109035600927,554.9461226096087,603.166088240178,655.5759472508095,712.5397647399892,774.4532398798937,841.746454640783,914.8868613555186,994.3825298773016,1080.785676887039,1174.6965018666501,1276.7673563849141,1387.7072756578036,1508.2869038617887,1639.3438474137959,1781.7884934043905,1936.6103336019207,2104.8848379573324,2287.7809253564496,2486.5690835152996,2702.6301944233446,2937.4651266405585,3192.7051610812464,3470.1233227073244,3771.6466968466466,4099.369815691707,4455.56920796804,4842.719212841541,5263.5091679161405,5720.8620907180675,6217.954983437872,6758.240901976891,7345.472942600916,7983.730312824333,8677.446667626116,9431.440907835231,10250.950654626447,11141.668632657034,12109.782214580133,13162.016401630237,14305.68053884608,15548.719089437645
San Marino,0.08834078299561897,48,3/10/20,4.056723261535738,3.9318256327243257,51.0,57.784655319763026,63.121664369707695,68.95160126427776,75.31999297517835,82.27657135962723,89.87566152491144,98.1766060624168,107.24422846404714,117.14933933993046,127.96928939055253,139.7885734515718,152.6994903284046,166.80286357334114,182.2088288338649,199.03769392071032,217.42087831208008,237.50193943076826,259.4376937085634,283.3994411925156,309.5743032562238,338.16668386256293,369.39986578909793,403.51775428138234,440.7867817506271,481.497988389849,525.9692949563847,574.5479854693172,627.6134192096213,685.5799932015037,748.9003783094518,818.0690542222343,893.6261709291408,976.1617668433917,1066.3203765127541,1164.8060638997758,1272.38792053737,1389.906071495791,1518.2782360626195,1658.5068943692286,1811.6871159291366,1979.015111222639,2161.797573108503,2361.46188101141,2579.56724757136,2817.8168948011617,3078.0713548376693,3362.3629991546336,3672.9119096981844,4012.1432158855305,4382.706032854204,4787.494148854095,5229.66862333353,5712.682472191723,6240.307632968966,6816.6644205503035,7446.253703407378,8133.99205164803,8885.250131351007,9705.894645013512,10602.334145631772,11581.569082184584,12651.246467333553,13819.71959424943,15096.113268903428,16490.395067233585
Bahrain,0.1046960266239699,42,3/4/20,4.101918236293485,3.9512437185814275,52.00000000000001,60.456145612989545,67.12887390146614,74.53809146428152,82.76508685804512,91.90012070408697,102.0434159624737,113.30625750557193,125.81221305488496,139.69848887639213,155.117435108099,172.2382172351579,191.24867205077015,212.35736846512694,235.79589577208847,261.8214044788,290.7194275743872,322.80701319063786,358.4362030239539,397.9978946812895,441.9261303249349,490.70285866804306,544.8632225660529,605.0014302156291,671.777274375651,745.923371134406,828.2531976414889,919.6700169885701,1021.1767881563444,1133.8871697523957,1259.037738265016,1398.001554882784,1552.3032297251889,1723.635648758122,1913.8785469097988,2125.119131157855,2359.6749798491587,2620.119469487061,2909.3100079503356,3230.419383898166,3586.970576304133,3982.87540602413,4422.477453455093,4910.599713146074,5452.597508193302,6054.417244957677,6722.661652718759,7464.662224027336,8288.559650519708,9203.393136676734,10219.199571413763,11347.123645539794,12599.540123214909,13990.189608879586,15534.329299191953,17248.900373914228,19152.713862238914,21266.657023746036,23613.92250825268,26220.262808730833,29114.27279896611,32327.703455755225,35895.81020757485,39857.73973155041,44256.959442380066,49141.73438525497
Iraq,0.1051334641066395,45,3/7/20,3.9242522937022044,3.9889840465642745,54.00000000000001,50.61521858901714,56.226364032991405,62.45955466556961,69.38374970738302,77.07555311966568,85.62006109148446,95.11180347843782,105.65578960817506,117.3686700227241,130.38002701024934,144.83380820368964,160.88991910650654,178.72599216402284,198.53935195199264,220.54919822373753,244.9990309673985,272.1593443022723,302.33061901742474,335.84664685972353,373.07822334865506,414.43724997238024,460.38129114857173,511.4186363647365,568.1139235016416,631.0943855519685,701.0567898430777,778.7751465340987,865.1092716682214,961.0142995152091,1067.5512494413515,1185.8987642105892,1317.3661495803103,1463.407859451884,1625.6395868284674,1805.8561385980593,2006.0512918946258,2228.4398517127916,2475.482153804562,2749.9112839392296,3054.7633146594376,3393.410894049531,3769.600558116504,4187.494179578964,4651.715011621599,5167.398836007789,5740.250781413676,6376.608440578033,7083.511984547342,7868.782049706256,8741.106259275442,9710.135336484076,10786.589872739085,11982.378931991956,13310.73180345045,14786.344360245765,16425.541643254855,18246.458468779703,20269.240058188374,22516.26490912923,25012.392373993982,27785.237684647003,30865.477466082615,34287.18911897821,38088.22782581066,42310.64535144052
Lebanon,0.11937076807560193,49,3/11/20,4.09063803387244,4.110873864173311,61.00000000000001,59.778019940848154,67.35713268148952,75.89718307098892,85.52000610462787,96.36288394649496,108.58050443921978,122.34716792849024,137.8592738855925,155.33812280289953,175.0330733350142,197.2250997263152,222.23080027626816,250.4069140285045,282.15541012014666,317.92922239761185,358.2387111106927,403.6589438694338,454.83789973618826,512.5057134949626,577.4850919796428,650.7030510636729,733.2041407546827,826.1653470673642,930.9128832693103,1048.941110048906,1181.9338545262383,1331.7884322506147,1500.6427148899102,1690.9056297677712,1905.2915263644875,2146.8589000646243,2419.05402559638,2725.7601226507745,3071.3527550925496,3460.7622541050628,3899.544055817019,4393.957956869283,4951.057418606285,5578.7901939330195,6286.111712411593,7083.112841183975,7981.163844397846,8993.076594905104,10133.287352395131,11418.062715532185,12865.731686273688,14496.947157070485,16334.98055140639,18406.05382110987,20739.713536813793,23369.25240845354,26332.184249344864,29670.77915982552,33432.6665655561,37671.51471361042,42447.79632025625,47829.65129339434,53893.85883752026,60726.9328095583,68426.35595225233,77101.9706130683,86877.54578903265,97892.5428534532,110304.10515492367,124289.29987284815
Estonia,0.1397339909177377,51,3/13/20,4.700326195166174,4.3694478524670215,79.0,109.98304253831823,126.47696365419397,145.44444276135687,167.2564340491277,192.33952291137524,221.18426883900423,254.35479947814486,292.4998434886819,336.36541797692576,386.8094186353645,444.8183979343925,511.5268595034926,588.2394460493938,676.456454748756,777.9031791295959,894.5636512917685,1028.7194443759215,1182.9942941555357,1360.4054124334689,1564.4224957985746,1799.0355837990562,2068.8330936606035,2379.091557703939,2735.8788184904643,3146.172699922737,3617.997475195413,4160.580800552322,4784.534184062584,5502.0605189123,6327.192740018982,7276.0682714669765,8367.244632236334,9622.062372646265,11065.062439599036,12724.466133194797,14632.72704141097,16827.16574724227,19350.69972151,22252.68267613124,25589.86979339844,29427.527708624748,33840.71095450736,38915.729831115794,44751.83840919521,51463.17567970692,59180.997813403694,68056.24518758872,78262.49438437462,89999.35289379272,103496.36291325012,119017.49059142325,136866.28851443462,157391.83239901383,180995.5480988049,208139.06244217532,239353.23144334188,275248.5224549627,316526.9533098995,363995.8219504727,418583.49506078614,481357.5644863954,553545.7265333103,636559.7924907012,732023.2999602441,841803.2649973148
Taiwan*,0.14675315575960163,51,3/13/20,3.825737122281479,3.912023005428146,49.99999999999999,45.86659719937511,53.11664148118442,61.51268623605506,71.23587754161187,82.49599488550913,95.53597719315681,110.63716427589401,128.1253667847336,148.37789562995235,171.83170252743653,198.99280730543774,230.44721536746923,266.8735608574407,309.0577483054457,357.9099086501703,414.4840354669599,480.0007250564682,555.8735110151221,643.73936146019,745.4939968922164,863.3327906836425,999.7981346285331,1157.8342914731038,1340.8509178796437,1552.7966283424325,1798.2441872095255,2082.489166842609,2411.6642004813098,2792.8712948367233,3234.3350570805933,3745.5801421282795,4337.636748670382,5023.2785975645575,5817.298527011255,6736.827650525789,7801.704963593506,9034.90537333384,10463.035385985388,12116.907146752614,14032.203217020628,16250.246431618034,18818.891445928126,21793.557208126887,25238.42263231006,29227.811269358517,33847.794850048056,39198.05029711644,45394.010271634754,52569.35365208377,60878.88967863902,70501.89798856284,81645.99660453005,94551.62132838374,109497.21318399657,126805.22582918803,146849.08254762288,170061.2329189579,196942.4829912507,228072.80025567368,264123.8265426734,305873.36880741734,354222.1804456649,410213.3951997671,475055.03294459207,550146.062919486
Slovenia,0.1544802834249365,49,3/11/20,4.508418709845947,4.04305126783455,57.00000000000001,90.77815834826526,105.94276476862417,123.64063791380629,144.29496320130337,168.39961970901888,196.53098964084992,229.3617405784633,267.6769100757009,312.3926772048694,364.5782699136314,425.4815320336351,496.55876129034374,579.509531790227,676.3173336485823,789.297001518693,921.1500661169044,1075.029352290123,1254.61436827238,1464.1992888122606,1708.7956359932969,1994.2521130155635,2327.3944563623877,2716.188650448781,3169.9314074837803,3699.4724672352436,4317.474032252099,5038.713542069442,5880.437026228172,6862.771485364743,8009.206161084368,9347.154202576876,10908.60816035251,12730.904981037269,14857.618795518463,17339.602848481685,20236.20548359765,23616.68926057583,27561.88713752084,32166.13532065044,37539.52899900982,43810.55490252779,51129.16363223511,59670.355227138076,69638.36370458531,81271.5406334057,94848.05451412992,110692.54224790222,129183.87174170514,150764.2012666271,175949.55219341023,205342.14791687796,239644.81401332057,279677.78396243625,326398.31228641176,380923.5640887632,444557.32831963646,518821.1935259576,605490.9315501403,706638.9591718081,824683.8930205619,962448.3826997583,1123226.6050069297,1310863.033149243,1529844.3644563053,1785406.8047338463
Egypt,0.15560045514623072,47,3/9/20,3.874013746477224,4.007333185232471,55.000000000000014,48.13520136102968,56.23921006531529,65.70760398503923,76.77009005710575,89.69504851703364,104.79604390835757,122.43943228100065,143.05324913222384,167.13759371507317,195.27676164170603,228.15342012329495,266.56516974336876,311.4438945596851,363.87836997566814,425.1406768572066,496.7170627116147,580.3439986330054,678.0503067696834,792.2063803423534,925.5816903100547,1081.4119738179734,1263.4777344451788,1476.1959586989253,1724.7272738335628,2015.1011466845841,2354.362160890476,2750.7409212449334,3213.853731385809,3754.935889079609,4387.114258936216,5125.725735274584,5988.689321172774,6996.940850485757,8174.940899356742,9551.268209354112,11159.313018910832,13038.087123558453,15233.170317333019,17797.816176391945,20794.2440115838,24295.148333246118,28385.462448436214,33164.41897615388,38747.95726946035,45271.53614949422,52893.42018941246,61798.519274787126,72202.87458969602,84358.89986028016,98561.50501038869,115155.25079158606,134542.70796164672,157194.22380846902,183659.3329590998,214580.08930455532,250706.64247814083,292915.43677872873,342230.47405197547,399848.1563752988,467166.31123984576,545818.1033917284,637711.6560470271,745076.3427067478,870516.8726292253,1017076.4820947052
India,0.1570583734559841,48,3/10/20,3.9447547749735854,4.02535169073515,56.00000000000002,51.66366733438788,60.44979273959735,70.73012100765085,82.75876212359465,96.83304101075784,113.3008468322392,132.5692321433586,155.11447444962033,181.49384887258904,212.35940292138767,248.47407385572942,290.7305470307685,340.17332136586197,398.02452735327944,465.71413577849114,544.9153038536228,637.5857324526592,746.0160567198778,872.8864661744901,1021.332953851806,1195.02483203255,1398.255430600389,1636.0482199170103,1914.2809813685524,2239.8310948409767,2620.745534351961,3066.4397738050843,3587.9305194347535,4198.1080216414075,4912.054697242694,5747.417937871488,6724.846319628621,7868.499996255837,9206.647891768811,10772.366454005814,12604.357240938742,14747.90354891125,17255.98972881782,20190.610857571523,23624.305137426312,27641.946901122836,32342.844542505547,37843.19522942832,44278.95707474099,51809.20975991205,60620.086679452856,70929.37580120715,82991.90296694373,97105.83069810965,113620.02820113393,132942.69474467076,155551.4495621145,182005.13768241514,212957.64350667188,249174.05357561202,291549.56804054225,341131.62829304487,399145.8077059529,467026.10545504134,546450.3922265569,639381.8839604524,748117.6687806755,875345.4866050761,1024210.1649179377,1198391.3528699107
Denmark,0.15813993847598595,47,3/9/20,5.578450725276723,4.5217885770490405,92.00000000000001,264.66125500265105,310.0056935970753,363.1189992718848,425.33221278055584,498.2044222184852,583.5618343962913,683.5435403153053,800.6551216464385,937.8314416122929,1098.5101938372193,1286.7180523290185,1507.171581545396,1765.395435391938,2067.8608072658994,2422.1476007595147,2837.1343850856592,3323.2208955851165,3892.5886552674265,4559.5062486656725,5340.686898290576,6255.707304693305,7327.498246436997,8582.919234609157,10053.43162294774,11775.8870419906,13793.450915724494,16156.684204431622,18924.810482643414,22167.20010568344,25965.10865860859,30413.713253776976,35624.49770747615,41728.04636909528,48877.31661732171,57251.47203342961,67060.37231252131,78549.83243169861,92007.78287202935,107771.48527194464,126235.98433923227,147864.00782993797,173197.5626916154,202871.51797492758,237629.51490681572,278342.6028380537,326031.0680895164,381890.0027367947,447319.25409717823,523958.50546515756,613728.3672337543,718878.5081616685,842044.0329751174,986311.5191496969,1155296.3677804838,1353233.4069842733,1585083.0183915275,1856655.4463005534,2174756.404731118,2547357.631348787,2983796.6624097438,3495010.8351662825,4093811.381927306,4795204.484680844,5616767.336036406,6579088.63072505
Iceland,0.1669964783099148,45,3/7/20,3.7917392293784067,3.912023005428146,49.99999999999999,44.333439282357745,52.39104646236177,61.91312458164366,73.16584138505344,86.46374063262763,102.17853444535835,120.74949366071613,142.69572663636563,168.63068972772737,199.27933504633847,235.4983748250724,278.30022883383435,328.8813242405385,388.6555389747502,459.29372342613135,542.770405215669,641.4189825639156,757.9969490596167,895.762973036791,1058.5679861365807,1250.9628272246443,1478.3254506016806,1747.0112543193943,2064.530730683449,2439.7594047537177,2883.185929188717,3407.2052703536697,4026.4651810340984,4758.275644600985,5623.092735695306,6645.090422642131,7852.836295012668,9280.09010474066,10966.747442169442,12959.954925318178,15315.4280749127,18099.008713339746,21388.505421022346,25275.868495931925,29869.760212217145,35298.59222360447,41714.11501518123,49295.659738412185,58255.15100010936,68843.03072631617,81355.25868906622,96141.585379605,113615.32847717594,134264.92619202132,158667.59042966965,187505.44141924568,221584.5748121458,261857.59422787605,309450.2390924211,365692.8520890019,432157.56582126336,510702.2481563465,603522.4346386131,713212.6996249527,842839.1816302637,996025.290162008,1177052.9897808093,1390982.4925495528,1643793.7045975004,1942553.3806121035
Greece,0.16918590682860396,46,3/8/20,4.247923592181822,4.290459441148391,72.99999999999999,69.9599959445183,82.8564422636275,98.13022330690626,116.21957765969013,137.64352893759434,163.01677772285998,193.0673386846456,228.65742893128316,270.80820692756004,320.72907179131994,379.8523636310556,449.8744605539832,532.8044515087247,631.0217814941916,747.3445231033004,885.1102332632245,1048.2717151310317,1241.5104327654508,1470.3708326927353,1741.4194263496588,2062.433197831045,2442.6227427771382,2892.8965407493765,3426.1739436540042,4057.755860544133,4805.763774567726,5691.65968842946,6740.861916752627,7983.474393786932,9455.150421914594,11198.115643811216,13262.379589596992,15707.170560947652,18602.6350221663,22031.85025750747,26093.208042346796,30903.237720998328,36599.94969153058,43346.795229561314,51337.356267140356,60800.89968685715,72008.95549616491,85283.10762430218,101004.22087702267,119623.36879088159,141674.7759314148,167791.14597838096,198721.8153947731,235354.25354852955,278739.5261730408,330122.4527694826,390977.3232336065,463050.1984960627,548409.0088752569,649502.8875753713,769232.4417389391,911032.9772860089,1078973.0654447451,1277871.2790653987,1513434.4481408766,1792421.4013908186,2122836.8920176504,2514161.2717937953,2977622.503337971,3526518.315214852
Thailand,0.17026665266619473,45,3/7/20,3.52363613272,3.912023005428146,49.99999999999999,33.90749674031171,40.201438774147555,47.66366835892462,56.51104414925817,67.00067831101906,79.43740841666236,94.18265628092628,111.66493118210163,132.39228270129715,156.9670650696612,186.1034420878812,220.64814132561358,261.6050607352965,310.16444276919793,367.7374638240216,435.9972442113638,516.9274704381811,612.8800428015458,726.6434235851755,861.5236721136926,1021.4405216112983,1211.0412899390137,1435.835934552106,1702.3571764881276,2018.3503467230307,2392.998471989811,2837.189141242477,3363.830908128761,3988.228424392983,4728.52720590059,5606.240956558332,6646.876774605755,7880.676410297583,9343.49511654734,11077.843632669521,13134.123582142387,15572.09218608719,18462.598858266847,21889.64414851222,25952.82086919996,30770.20834596621,36481.80390201088,43253.59129780655,51282.36435848386,60801.44596755529,72087.46862573142,85468.41362356461,101333.14245301789,120142.69744878635,142443.70006548346,168884.23615588114,200232.6898897143,237400.0736425412,281466.5027799692,333712.58471669606,395656.6344427659,469098.7980314679,556173.3663950476,659410.7995698801,781811.2640088844,926931.8199366182,1098989.792504764,1302985.3308005435,1544846.7163757049,1831602.64408389
Romania,0.17088291069671502,51,3/13/20,4.565471635382297,4.48863636973214,88.99999999999999,96.1079112205404,114.0177965249969,135.26522176290092,160.47214361448798,190.37642152664284,225.8534164057731,267.94161426666403,317.87302489523324,377.1092453577744,447.3842440112089,530.7551173920181,629.6623057444035,747.001029822424,886.2060400710617,1051.3521589724276,1247.2735596423506,1479.7052722119338,1755.4510601825223,2082.5825808469326,2470.6756596199934,2931.0905945233894,3477.3046959247067,4125.306795665994,4894.0652736910815,5806.0833022922225,6888.057561139182,8171.6597050606215,9694.463459778011,11501.04448362778,13644.285190530194,16186.922729108426,19203.385430552218,22781.97148190483,27027.433599107837,32064.045358602416,38039.23894544136,45127.92080242531,53537.59150836076,63514.41975501042,75350.44822077344,89392.1422721266,106050.53173123779,125813.2425805519,149258.77079756578,177073.41614485992,210071.37160292154,249218.5565055738,295660.891023849,350757.8396517246,416122.20558187,493667.3408362084,585663.1540907876,694802.5556614095,824280.2846340433,977886.4255753868,1160117.3522537414,1376307.3459254943,1632784.7409303954,1937057.1683045137,2298031.3198798164,2726273.665826255,3234319.757385395,3837041.168735034,4552080.81914245,5400369.418198314
Philippines,0.17846449229181793,50,3/12/20,4.175086489494646,3.9512437185814275,52.00000000000001,65.04546516715119,77.75407659590212,92.94570208308033,111.10547400124383,132.81331009804944,158.76243270428932,189.78150623289207,226.86109991215935,271.1853208193944,324.16962739047443,387.50603094945825,463.2171287328163,553.7206939095628,661.9068852277663,791.2305419155604,945.8215112002724,1130.6165316664885,1351.516884042288,1615.5768438650323,1931.2289541114096,2308.5533116924453,2759.5994672616694,3298.771217948569,3943.286581064572,4713.727637672858,5634.697804835275,6735.6075259982945,8051.613469910152,9624.741230633132,11505.227381175202,13753.123738147095,16440.215068349615,19652.311477712592,23491.988688187215,28081.863711135866,33568.51052322135,40127.14078876367,47967.19910367777,57339.05144061863,68541.9803854636,81933.7424865951,97941.99292326551,117077.94233066321,139952.6819014322,167296.6980926655,199983.20012488487,239056.00521797215,285762.8720566911,341595.34696327976,408336.3952326684,488117.33869880193,583485.9177875686,697487.6515633945,833763.0939373187,996664.0918355341,1191392.7579397368,1424167.5959822573,1702422.0836740015,2035042.0548516933,2432649.4614528525,2907941.577029532,3476096.473992906,4155257.7231792165,4967113.794228878,5937590.659465019
Sweden,0.1805658041304046,43,3/5/20,4.854351107782243,4.543294782270004,94.0,128.29741300549364,153.68682253719345,184.10066787993154,220.53325948380814,264.17567681107937,316.4547079290588,379.07949505162765,454.09741099763056,543.960993317952,651.6081243480089,780.558078487349,935.0265767503919,1120.0636100311995,1341.7185368956918,1607.2378533924252,1925.3021005092635,2306.3096544182304,2762.7166773753506,3309.4443431852314,3964.3666505266838,4748.8947720697515,5688.6770433293,6814.437475774515,8162.980207444369,9778.392729262625,11713.487223758913,14031.527137436758,16808.295433086576,20134.572138776322,24119.102191265072,28892.15060062559,34609.76116397676,41458.85795713571,49663.35638568336,59491.483582144196,71264.54747276835,85367.44119830188,102261.22630653477,122498.20609504572,146739.98189229067,175779.08258544348,210564.87452247384,252234.5988528709,302150.5510012233,361944.6177706775,433571.6281140653,519373.26175294846,622154.6049893525,745275.8565256654,892762.1814027558,1069435.3044771678,1281071.1455822901,1534588.6498911248,1838275.9868533732,2202061.512758805,2637838.3554222947,3159853.232537349,3785172.215216454,4534238.663781764,5431541.576228589,6506416.199471514,7794003.077509301,9336396.890373955,11184022.642500697,13397284.191820415
Australia,0.18904028117782434,42,3/4/20,3.6496973196183022,3.9512437185814275,52.00000000000001,38.463022284685124,46.46677777500321,56.136031662058144,67.81735686563597,81.9294445308925,98.97811108208913,119.57442808835866,144.45662476625503,174.51654816562078,210.83162944533888,254.70350199909115,307.7046556120295,371.73479886293654,449.088949956939,542.5396965533707,655.4365730095287,791.8261169967956,956.5969086517665,1155.6547908684593,1396.1345511136312,1686.6556520295048,2037.6311769190902,2461.6410635785464,2973.883004213933,3592.7171729479455,4340.324305463679,5243.500718187958,6334.61876271027,7652.787140791712,9245.25266887726,11169.093735245247,13493.266148002862,16301.074702802838,19693.15905813424,23791.100940252243,28741.781969992197,34722.64830808666,41948.0708184984,50677.0287156913,61222.392099101824,73962.13608663295,89352.88849286674,107946.29663841742,130408.7999223377,157545.5168615003,190329.10277480254,229934.61245176036,277781.61738038005,335585.0871327533,405416.8586385799,489779.8965761383,591698.0065794063,714824.2168318923,863571.7127445738,1043272.0177805321,1260366.0900664462,1522635.1842243557,1839479.7531530852,2222256.3863738747,2684684.861746606,3243339.9004208283,3918245.250885111,4733591.395737368,5718602.605780546,6908584.419071067
Slovakia,0.18929779755657372,53,3/15/20,3.987088945889533,3.9889840465642745,54.00000000000001,53.897761470315594,65.13009579899263,78.70325711249102,95.10507552808895,114.92504532913382,138.8755118542816,167.81727375050727,202.79052075504165,245.05221893450422,296.12128703620016,357.83318762525585,432.40589505609665,522.5196112191674,631.4130941096668,763.0000613429955,922.0098522510235,1114.157404065794,1346.348651268711,1626.928730319721,1965.9819104401183,2375.694030197757,2870.790466151224,3469.06537449132,4192.021227041601,5065.641627046062,6121.325180352486,7397.013986058015,8938.557305460312,10801.3594206514,13052.370908091034,15772.494895101545,19059.494782039426,23031.50793597067,27831.291640770345,33631.3539064401,40640.15354297509,49109.592334322195,59344.06858706871,71711.41744553698,86656.13117683394,104715.3345733232,126538.08964107558,152908.72340002048,184775.01721532413,223282.27080678617,269814.46522360446,326044.0042142705,393991.8217356393,476100.0159124337,575319.6199689432,695216.6646893934,840100.344375419,1015177.8926861866,1226741.7347209516,1482395.641737403,1791328.0166847138,2164642.1326486995,2615755.1932391967,3160880.5574645284,3819610.4606351936,4615620.17474541,5577518.916411713,6739878.08467069,8144473.784312856,9841788.292020772
Malaysia,0.19354483994321994,42,3/4/20,3.80165943433492,3.912023005428146,49.99999999999999,44.77542475504386,54.336939129221655,65.94025562203394,80.02138841789899,97.10945982727665,117.84658294976688,143.0119901566522,173.55131406130297,210.61212125928859,255.58703407839963,310.166060711057,376.4001001220801,456.77800803581385,554.3201198870419,672.6917450182777,816.3408968592875,990.6654345326012,1202.215896512697,1458.9416481556518,1770.4895925077694,2148.5666689555646,2607.379761215147,3164.169544945577,3839.8583352104724,4659.8362777488255,5654.915426517616,6862.487558579136,8327.92923317941,10106.306892482586,12264.44607599617,14883.442502909036,18061.709380495333,21918.675446336485,26599.272704533927,32279.382490168657,39172.4445070636,47537.47718458786,57688.810731934806,70007.89862580175,84957.65136803983,103099.8311283867,125116.16090532164,151833.9414173513,184257.13832262577,223604.10792157243,271353.3789494592,329299.21078692644,399619.01578196336,484955.179190744,588514.3512596136,714187.9425156023,866698.3500792563,1051776.4097000172,1276376.7415736993,1548939.0819242115,1879705.4203245102,2281104.8597263284,2768220.660963321,3359357.021712538,4076726.887589263,4947286.641037302,6003749.032856976,7285812.418981572,8841652.493146524,10729732.56982258
Finland,0.19952156918516548,49,3/11/20,4.412963235027109,4.07753744390572,59.000000000000014,82.5136088114334,100.73414353899673,122.97811016513361,150.13395705233754,183.28631843444657,223.75933589455937,273.1695460285076,333.490446685024,407.13132062887604,497.0334649303051,606.7876695878632,740.7776376093669,904.3550749059107,1104.0534432808502,1347.848914041998,1645.4789450097842,2008.8312052356232,2452.418381509228,2993.9578309462267,3655.0792316145853,4462.188495540041,5447.522449721126,6650.436410267367,8118.976076780387,9911.796530159161,12100.50498070123,14772.520838422015,18034.567339929836,22016.934191253866,26878.681481243093,32813.99271553057,40059.93071818995,48905.90618028149,59705.23703947547,72889.26038502116,88984.56053298488,108634.00137992977,132622.4030902535,161907.8886721668,197660.1524588514,241307.17897980183,294592.27822518285,359643.7153540627,439059.71593323746,536012.2419088938,654373.6832369429,798871.5253743497,975277.1702202688,1190636.4522219524,1453551.0567108893,1774522.0806253995,2166369.4578108084,2644744.0012025516,3228752.5134171895,3941720.9333522245,4812125.999704817,5874732.6430696,7171982.535300316,8755689.25631589,10689107.78516772,13049460.973105477,15931023.908739734,19448889.368220314,23743564.746630043,28986584.077062912
Iran,0.2020876715113255,33,2/24/20,5.439125743649657,4.110873864173311,61.00000000000001,230.24080595897107,281.8044568984907,344.9160612389657,422.16184445746865,516.707230958017,632.4265587464749,774.0618443956051,947.4171042669952,1159.5961950023675,1419.2939196557143,1737.1523285893209,2126.1968158472205,2602.3698816268848,3185.184433690434,3898.523399095517,4771.61841321883,5840.247691382688,7148.202170192391,8749.079999010448,10708.482917324152,13106.704522486152,16042.02058928854,19634.716274075472,24032.015232598704,29414.11263998773,36001.55933757406,44064.29969860231,53932.733571953155,66011.25560689543,80794.82678150259,98889.25721284299,121036.03141020254,148142.69327557393,181320.03598633234,221927.62074959304,271629.48972328583,332462.35614170536,406919.06598173274,498050.7513123359,609591.8614290681,746113.1953749808,913209.2069071019,1117727.2574046515,1368048.2111832376,1674429.871619473,2049427.3316191435,2508407.4638045393,3070178.633510885,3757761.439351728,4599332.065226136,5629376.901016546,6890105.746722282,8433181.511162043,10321837.285884527,12633467.549021775,15462799.683003236,18925775.770500842,23164303.739186052,28352072.55058105,34701669.73132859,42473292.91337905,51985412.369856805,63627821.48244459,77877609.93022953,95318714.15899952
Saudi Arabia,0.20576257210887033,51,3/13/20,4.317990245904023,4.454347296253507,85.99999999999997,75.03766938429554,92.1808877640935,113.24067150138309,139.1118049861,170.8934963906,209.93608063328722,257.89839217129105,316.8182452673218,389.1990162838959,478.11600669822946,587.347105970885,721.5333058491628,886.3758860087555,1088.878649022543,1337.6454966933152,1643.2459911213325,2018.6644324011236,2479.8515332817656,3046.4021302466476,3742.3877254819663,4597.379232630773,5647.70338057442,6937.986157104439,8523.04887004831,10470.237385360964,12862.283506440677,15800.82006845088,19410.699096357344,23845.29649582087,29293.028661719425,35985.35788081737,44206.62666072361,54306.13882437819,66713.00066948745,81954.3527614807,100677.76698920327,123678.76048551172,151934.59541939356,186645.80073923836,229287.18003579043,281670.472737899,346021.3309789377,425073.8827134636,522186.89886519714,641486.5001956867,788041.4671980138,968078.6015514873,1189247.2893769636,1460944.5070098839,1794714.0780791834,2204737.145456705,2708434.6971630077,3327207.746244472,4087346.613254139,5021147.9447705485,6168286.9276410695,7577503.001347309,9308670.690743301,11435343.544343889,14047879.264566144,17257278.809908297,21199902.58416473,26043264.093295522,31993147.229825288,39302349.58269994
Norway,0.20786749428404283,42,3/4/20,4.491678354193974,4.02535169073515,56.00000000000002,89.27114882326342,109.89725111320074,135.28901511224424,166.54754713735056,205.02836416138283,252.4001754047167,310.7172454157966,382.5084766441734,470.88707454538957,579.6855508124668,713.6219191091043,878.504290333277,1081.4827396241749,1331.3593672505565,1638.9699990790111,2017.6540789497578,2483.8331297035224,3057.7228676504074,3764.209851113556,4633.930678651795,5704.600536072104,7022.6487042793015,8645.231951275824,10642.713118458694,13101.71238437362,16128.863523073956,19855.438046114778,24443.037752728538,30090.602543932357,37043.03739234846,45601.832573725645,56138.13770335272,69108.85652907703,85076.46042685374,104733.37980518694,128932.03114448389,158721.7817849786,195394.45543029575,240540.3516993223,296117.20899764315,364535.10126301635,448760.9501070748,552447.1844913005,680090.1272259628,837224.9766755949,1030665.8389948341,1268801.2198213825,1561957.7893357347,1922848.1952516008,2367122.3430146184,2914046.0493116784,3587336.4984990736,4416190.731269801,5436551.765666022,6692667.2553990735,8239008.27623292,10142631.448033497,12486086.825206319,15370997.655329175,18922467.241151173,23294504.008222103,28676700.03460203,35302452.655110694,43459085.667547345,53500309.04398919
Armenia,0.2095932637652469,54,3/16/20,4.048275684777228,3.9512437185814275,52.00000000000001,57.29857101635815,70.6592444092068,87.13531126377741,107.45320775105931,132.50875779899948,163.40667031655747,201.50924623750203,248.4964428963813,306.4399439982738,377.894500955984,466.01057286962765,574.6732314889476,708.673455531965,873.9193667928395,1077.696721520775,1328.9901422357898,1638.8792532165617,2021.027185427488,2492.282989256452,3073.424515674302,3790.074519734178,4673.830377768922,5763.657227955425,7107.605958353238,8764.93178917564,10808.706858406256,13329.042000673273,16437.059768860112,20269.79387051467,24996.23103710644,30824.76171448796,38012.368078389794,46875.954478112,57806.319872063934,71285.38830524865,87907.45712712048,108405.3997919731,133682.9785334787,164854.6915917171,203294.91187237477,250698.48358063432,309155.44855881884,381243.1970409727,470140.10578684113,579765.6739446229,714953.3352869524,881663.5661785719,1087246.6852885245,1340766.9319880467,1653402.112176219,2038936.4320727177,2514368.249210468,3100659.5366050336,3823660.1042662086,4715247.327336439,5814731.631911134,7170589.706955463,8842601.860302232,10904487.755585153,13447156.740769729,16582716.076526541,20449413.788788136,25217734.077774346,31097914.03243084,38349213.065134004
Israel,0.2122773525061043,46,3/8/20,4.003679038116215,4.110873864173311,61.00000000000001,54.79938866350103,67.7589389055808,83.78330331024719,103.5972821734776,128.0970843795616,158.39086395207997,195.84884312549676,242.1652890611168,299.43514748502275,370.248799474928,457.80922735358627,566.0768892358835,699.9488550707655,865.480306705691,1070.1584206743876,1323.2410217390911,1636.1753248735804,2023.1157058649708,2501.5639198896765,3093.1607258806284,3824.664722759657,4729.162671415181,5847.566046670237,7230.461509994575,8940.399001954385,11054.720947433303,13669.060541806424,16901.667349545485,20898.755867017244,25841.11897107794,31952.305387292425,39508.73105400229,48852.18173078312,60405.27235854346,74690.5624157746,92354.19188033341,114195.1068782963,141201.19692934543,174593.97831755166,215883.84466742858,266938.3837718821,330066.85072019015,408124.618142007,504642.3279711991,623985.586411212,771552.4252875675,954017.4611899226,1179633.7960003663,1458606.3141135857,1803553.2610082724,2230076.980895516,2757469.6285596783,3409585.7755438043,4215921.37965377,5212947.920803328,6445762.0476877745,7970125.350688254,9854986.522263927,12185599.985026233,15067382.046602672,18630678.999577925,23036662.833114784,28484621.226023734,35220971.555989005,43550406.63887914
Italy,0.21347929469526888,31,2/22/20,5.351164271081363,4.127134385045092,62.00000000000001,210.85364581542194,261.03214633598384,323.1520192940715,400.05504701104456,495.25929309873015,613.1200424372655,759.0290413053099,939.6611522511213,1163.2797073633246,1440.1145288612054,1782.8299102181327,2207.1039664337204,2732.3458568470232,3382.583691103741,4187.563737090124,5184.111216024417,6417.814936659377,7945.112835136022,9835.873827159794,12176.594083846128,15074.35395046853,18661.716524283678,23102.79198545011,28600.74510447345,35407.08937024717,43833.192914844185,54264.52259372864,67178.27784176951,83165.22099666546,102956.7027561362,127458.11909572629,157790.33019248612,195340.93613569243,241827.75512175038,299377.40805440815,370622.6045403769,458822.58079851145,568012.1991255176,703186.5297342258,870529.3589837083,1077696.0775102016,1334163.8894715444,1651665.3638400165,2044725.1613063149,2531324.490306443,3133723.688875401,3879480.5627744743,4802711.065552202,5945649.992555063,7360583.085567213,9112238.9355879,11280750.105525846,13965318.934551314,17288755.722742446,21403096.903226074,26496560.21493152,32802155.052508656,40608341.88893978,50272228.4047891,62235906.00412143,77046674.05960572,95382077.08029526,118080900.17114939,146181540.7258458,180969511.7331363
Netherlands,0.21958434747468253,43,3/5/20,4.773839150892933,4.406719247264253,82.00000000000001,118.3728218474393,147.44032215764364,183.64560596491367,228.74141955658965,284.91091167604793,354.8733226777696,442.0156265954193,550.5564990917816,685.7505491986607,854.14270197884,1063.885047115524,1325.1314924939081,1650.5293284834156,2055.831500205962,2560.659228710919,3189.451900569424,3972.6502113156976,4948.169840294205,6163.236999486098,7676.6747176923545,9561.750542153562,11909.723518656163,14834.262164183741,18476.947312087,23014.12622987875,28665.44982667748,35704.50624794768,44472.06564410283,55392.577309959896,68994.7178436665,85936.98508899727,107039.576898052,133324.09800795902,166063.01729467433,206841.26969578373,257632.98503390455,320897.0582858165,399696.18798205984,497845.1455453909,620095.453485376,772365.4129679078,962026.616702413,1198260.8176194308,1492504.4298292394,1859002.1807484168,2315496.7174353814,2884087.551901379,3592300.928090009,4474422.404218874,5573156.662579645,6941694.900412119,8646289.887014097,10769463.349050956,13414000.957884232,16707928.321607187,20810708.876227353,25920963.724210337,32286087.148110382,40214223.29918152,50089183.86850986,62389028.92510801,77709210.444234,96791398.93514206,120559388.70392849,150163819.97334585
Belgium,0.22182465647796418,43,3/5/20,4.443632040969419,3.912023005428146,49.99999999999999,85.08340757646586,106.21408184704549,132.5926112264847,165.522313483584,206.63018857181478,257.9473058987796,322.00915597245154,401.98092462643973,501.81387940829836,626.4405949133509,782.0186628120277,976.2349278639913,1218.6852816972887,1521.3487793099293,1899.1795035748326,2370.8454207553896,2959.6507326119226,3694.6872969302913,4612.272006180659,5757.741142713861,7187.6903664994725,8972.771009347318,11201.180835700596,13983.021742487661,17455.73970448741,21790.915743553032,27202.743451803228,33958.611928622304,42392.317016184184,52920.55357792616,66063.50367508728,82470.53786770499,102952.29949714878,128520.75717940964,160439.20443395432,200284.67684381275,250025.87067142746,312120.4127550631,389636.2876240711,486403.42133792373,607202.9115458139,758003.2532985939,946255.2321241655,1181260.054525966,1474628.904599381,1840856.6326680658,2298037.920909094,2868761.3104786654,3581225.2624811335,4470631.395434272,5580923.736697739,6966959.921286633,8697221.61326911,10857198.067007981,13553610.00418772,16919682.50112638,21121727.41066545,26367360.544783156,32915759.61479002,41090469.75629132,51295389.33787912,64034725.88486872,79937908.10594936,99790684.88314068,124573947.77266023
Argentina,0.22646440005579008,54,3/16/20,3.966284503551581,4.02535169073515,56.00000000000002,52.788032274434585,66.20453092703191,83.03093952208263,104.13391381804654,130.60037703391703,163.7935025778833,205.42292523216622,257.6327970694373,323.11222348141547,405.2337674033246,508.22715548963725,637.3971330972765,799.3966888471625,1002.5697213832298,1257.3807976162668,1576.9541374467499,1977.7495857458996,2480.4103879972013,3110.8264348663993,3901.467738843597,4893.056824589784,6136.666170604071,7696.34873238849,9652.437034016999,12105.680750091036,15182.435887088775,19041.17283646586,23880.638501262743,29950.09289216878,37562.147435970255,47108.86624229751,59081.95963549955,74098.11003340669,92930.73459980253,116549.82062788634,146171.88540357584,183322.6337658036,229915.54058458368,288350.40560148214,361636.95676739403,453549.8683526389,568823.1781438405,713394.117319176,894708.9116275633,1122106.3043720447,1407298.554812674,1764974.6861427377,2213557.0537406774,2776150.201266317,3481730.8760878644,4366640.496603548,5476456.9420146225,6868342.072370774,8613985.889523786,10803298.980026297,13549043.421789177,16992640.672532946,21311455.579326127,26727931.67713646,33521048.29623578,42040689.58466288,52725665.532138474,66126313.1806742,82932842.11279015,104010884.1712205
Indonesia,0.22687136369917352,51,3/13/20,4.282376196308508,4.23410650459726,69.00000000000001,72.41230158174986,90.85343103007216,113.9909345460775,143.0208304889134,179.44372537335556,225.14238286683945,282.479047163635,354.4175515530083,444.6765241885871,557.9216105353315,700.0066488113636,878.2762652085593,1101.945530572471,1382.57630366488,1734.6748840322368,2176.441868210711,2730.712970657447,3426.139442101058,4298.669103217531,5393.404550874077,6766.934590898479,8490.259413245212,10652.460717021379,13365.306500606697,16769.028546589958,21039.571249906225,26397.68649388441,33120.34470438713,41555.051939553865,52137.81309076407,65415.66974435703,82074.97772592267,102976.88604329848,129201.85119739902,162105.48788410527,203388.6431084883,255185.31596590194,320172.9678184739,401710.9249945521,504014.02829070314,632370.5055252536,793415.3293598719,995473.1907370636,1248988.816835368,1567066.8774362342,1966149.3884147694,2466865.628535419,3095098.503250504,3883322.477726915,4872282.239218463,6113098.861802299,7669912.344848672,9623197.122697616,12073921.930084711,15148769.054095242,19006682.764984913,23847085.425803207,29920185.98601622,37539913.72334128,47100145.80171877,59095067.47650846,74144717.40182278,93027038.52198035,116718091.31417993,146442508.07582557
Canada,0.23388516649703833,45,3/7/20,3.811344083220605,3.9889840465642745,54.00000000000001,45.21116561536191,57.12428025828379,72.17649336424499,91.19495546910565,115.22477077186498,145.5864277923424,183.9483629722292,232.41864474088533,293.66081627671275,371.0402627656968,468.8091463435553,592.340071282669,748.4213198136566,945.6298824063786,1194.8027813031078,1509.6325875160558,1907.4198561915332,2410.0238282349883,3045.063641235989,3847.4360587414476,4861.233120269192,6142.165090933942,7760.621856825989,9805.540996210435,12389.295085134749,15653.866805091644,19778.651187795593,24990.313746712443,31575.246220252026,39895.30439571596,50407.692840285075,63690.0892465273,80472.38902766809,101676.81459440626,128468.59340177912,162319.98963055262,205091.2081777162,259132.61679926963,327413.9037254597,413687.26822908747,522693.6118093052,660423.0606269528,834444.1354431459,1054319.6576365032,1332132.2462029436,1683148.282895359,2126656.831773742,2687029.613546599,3395060.282506616,4289656.602124377,5419978.507881894,6848139.548362345,8652620.154424133,10932580.302726217,13813308.563469706,17453106.968905035,22051990.040503997,27862676.00450032,35204474.186041065,44480831.72325048,56201503.82977871,71010565.90804712,89721806.83729863,113363448.37152253,143234648.07153708
Serbia,0.2359649762062603,54,3/16/20,3.9613773239480334,4.007333185232471,55.000000000000014,52.529626459561165,66.50933409576672,84.20946083192986,106.62012167184929,134.9949308903494,170.92112708498013,216.40836060525308,274.00110997728535,346.9210157075701,439.24709337691866,556.1439068387386,704.1504651425171,891.5460035853545,1128.8131100618405,1429.224103213081,1809.583463371835,2291.167846628879,2900.9162648096917,3672.937008006344,4650.415604349617,5888.030545047969,7455.011906245837,9439.013961809263,11951.018414415443,15131.542523359032,19158.49940119289,24257.150170835797,30712.704689900827,38886.275705344204,49235.07888672774,62338.00869362134,78928.02074769439,99933.1321243486,126528.33305051902,160201.31386077468,202835.68386593205,256816.33725623292,325162.860028619,411698.44049485214,521263.73193720606,659987.6305251658,835630.1153495483,1058016.3284627988,1339586.17662511,1696090.1985438277,2147470.62323674,2718976.9044264765,3442578.1320639686,4358751.328880777,5518745.666239801,6987449.255670466,8847018.879533947,11201475.701782398,14182524.035060138,17956918.656088576,22735792.784433912,28786468.515936077,36447410.36636834,46147158.40114426,58428300.03816491,73977821.46571288,93665536.4821186,118592742.40117083,150153824.75191844,190114256.8350554
United Kingdom,0.2362246813980793,41,3/3/20,4.262781725506819,3.9318256327243257,51.0,71.00723160930869,89.9277353193901,113.88977427214773,144.2367100393776,182.66985474279986,231.34385013805317,292.9874612976203,371.05655683692925,469.9278520721992,595.1442767530485,753.7257231935487,954.5625959860629,1208.9142265105736,1531.0400943899929,1938.9992434746289,2455.662709272911,3109.9957166086833,3938.681530163459,4988.177994330874,6317.322056270503,8000.62828712171,10132.466323314424,12832.351423994949,16251.644744183166,20582.038954861415,26066.30493144749,33011.90199228132,41808.214705308215,52948.3825940667,67056.94656155033,84924.8619477658,107553.84112557424,136212.51157264377,172507.5377574398,218473.69407959055,276687.93854037847,350413.8823497652,443784.7547355801,562035.1203413187,711794.3397701734,901458.2252816737,1141659.7274296514,1445865.040310086,1831128.5443146229,2319048.9100453565,2936979.964558137,3719564.2036058707,4710674.921756794,5965875.840227787,7555536.124267324,9568775.42441932,12118460.108858217,15347530.785936479,19437015.850973636,24616180.313330304,31175378.868049588,39482333.781903654,50002750.165877365,63326424.368995264,80200309.18416782,101570389.5700335,128634716.52856141,162910572.32752025,206319532.48940644,261295193.29824567
France,0.24246278461973717,37,2/28/20,4.547833534741828,4.04305126783455,57.00000000000001,94.42761241171935,120.3370215700356,153.3555534286706,195.4338362423778,249.05771910097587,317.3951278674746,404.48321600973,515.4668665925021,656.9026353575591,837.146090867644,1066.8454345194048,1359.5705619018947,1732.6147284146384,2208.0161789616213,2813.860096305006,3585.9377829836226,4569.861095907053,5823.757047594093,7421.701762396769,9458.09665475635,12053.24535997313,15360.460884553744,19575.12284363155,24946.21985780332,31791.05899692064,40514.01125728261,51630.40049449786,65796.94709303972,83850.5648861979,106857.80332319162,136177.85576704473,173542.85625002484,221160.2083597,281842.9915158137,359176.1486197712,457728.2729064894,583321.5056820314,743375.4896339244,947345.697365223,1207282.0301868692,1538540.6873814284,1960691.3608759013,2498673.349455812,3184268.8920155293,4057980.759616335,5171425.028428813,6590380.390859323,8398674.148316722,10703134.45752502,13639901.393104881,17382469.66362466,22151938.118817557,28230071.555758215,35975946.47333587,45847164.15245269,58426884.26223443,74458276.05042642,94888422.38306792,120924270.34235516,154103933.76337025,196387560.0333249,250273129.27043596,318944026.9240453,406457107.90871954,517982362.494166
Peru,0.2428038886762858,54,3/16/20,4.523067108432896,4.454347296253507,85.99999999999997,92.11770011292569,117.43335687051035,149.70622680517383,190.84828145511517,243.2969376869773,310.1594598418344,395.39704627580124,504.0595063047665,642.5844307369443,819.1785800303207,1044.3040850070042,1331.2982645639397,1697.1637808149217,2163.5759435572118,2758.1668407345933,3516.1623718278765,4482.469168458796,5714.335039578569,7284.740556460451,9286.722708308951,11838.886778821052,15092.432988910214,19240.114191499044,24527.65530739345,31268.31103445927,39861.42428595579,50816.08483278489,64781.28978052089,82584.39270630901,105280.11933347791,134213.05362489636,171097.29621660255,218118.01447010288,278060.9003671877,354477.2058412859,451894.13288641145,576083.042779892,734401.374186369,936228.5267141591,1193521.5333773708,1521523.4421823877,1939666.3741453958,2472722.7584439404,3152272.9483932746,4018576.165580807,5122955.614235529,6530839.069373274,8325635.075098538,10613674.394270906,13530509.460417159,17248945.03615629,21989275.845875476,28032337.700216394,35736145.31223252,45557102.49477853,58077041.314506866,74037692.10813008,94384626.50005971,120323276.7783362,153390350.43664595,195544870.7603131,249284237.05805784,317792180.40338594,405127380.3646759,516463917.1197053
Poland,0.24330074102101676,51,3/13/20,4.351909025985645,4.219507705176107,68.00000000000001,77.6265125946836,99.00890217055674,126.28111686792735,161.06552166329766,205.4313654495319,262.0178761701783,334.1912627728548,426.2449636878121,543.6550541798961,693.4060062040262,884.4061795123428,1128.0177606789769,1438.7326749670854,1835.0346795710018,2340.498922293042,2985.194376018842,3807.472576780265,4856.249073558577,6193.913308334649,7900.0400288472365,10076.123017964701,12851.612738976582,16391.61706324493,20906.72317982238,26665.52497116442,34010.601081380664,43378.8941776945,55327.70372323066,70567.83851487949,90005.90115890195,114798.21989613424,146419.636064249,186751.2392141985,238192.26905286964,303802.84101612,387485.9859073748,494219.8327455518,630353.7468769975,803986.0399662324,1025445.7210146742,1307906.9467318985,1668172.723581025,2127674.482235293,2713746.986965011,3461254.4215526595,4414664.384064897,5630693.167937798,7181679.691417135,9159888.78310747,11682999.816765942,14901107.202335296,19005649.177263636,24240796.052565306,30917975.375712402,39434398.08083354,50296687.7067647,64151018.3339495,81821554.08077154,104359476.84169018,133105518.82111765,169769719.78802767,216533153.6375993,276177675.7526973,352251409.5546687,449279816.67989373
Czechia,0.24436659977095915,49,3/11/20,4.471631637681365,4.51085950651685,90.99999999999997,87.49937388004733,111.72027889540203,142.64582891275487,182.13195229540716,232.5483212497239,296.92056245217384,379.11183333050985,484.0546608972926,618.0469564296668,789.1299706605331,1007.5708716244758,1286.4789059986456,1642.5921214962473,2097.2818637139667,2677.8353300859753,3419.093150578374,4365.540270901059,5573.975617960289,7116.920761608956,9086.972135977067,11602.358009302317,14814.033691492916,18914.740782583707,24150.574132809368,30835.750679774865,39371.46648176298,50269.973610251785,64185.321822999904,81952.60991109611,104638.10230259894,133603.21855968967,170586.23595723245,217806.60834196772,278098.16173753253,355079.1601344308,453369.44758652337,578867.6979158442,739105.4105524814,943698.8967855135,1204926.3813783962,1538464.8530235766,1964330.8840837467,2508081.8808319494,3202349.854562163,4088799.7594451066,5220629.9224368,6665764.623000579,8510930.41824091,10866860.845070094,13874941.848076439,17715696.74372333,22619619.92720565,28881009.48287656,36875628.831710845,47083257.34044482,60116483.2172353,76757466.63567612,98004879.34460193,125133837.74036248,159772426.1521049,203999402.7154807,260468951.43630266,332569967.162843,424629432.6014601,542172092.5965303
Russia,0.24461524594004116,52,3/14/20,4.010733920602024,4.07753744390572,59.000000000000014,55.18735884368161,70.48142264710663,90.01392787125232,114.95947309944994,146.81817322987675,187.50586975908135,239.4693410267486,305.83344065690426,390.5890124514623,498.83288210773526,637.0743578016851,813.626671228087,1039.1068986326522,1327.074424878681,1694.8463449569297,2164.53883758363,2764.397134494782,3530.4940639152233,4508.899311103714,5758.449845721028,7354.288117284967,9392.380790158099,11995.289754829208,15319.542458615444,19565.044774915656,24987.102459393678,31911.774110362436,40755.4788925899,52050.038146421175,66474.65677397509,84896.7676217087,108424.19506009598,138471.7746476805,176846.43509181886,225855.85895940484,288447.2565127224,368384.5979159266,470474.9617741393,600857.611606484,767373.1840351721,980035.1900375687,1251632.1832637135,1598496.807162039,2041487.9680102123,2607245.1973987613,3329790.6359861908,4252574.974752403,5431090.387619594,6936207.585666716,8858437.66863674,11313375.0626611,14448648.858432263,18452800.57259694,23566622.201723233,30097636.38932519,38438589.479225256,49091069.545794606,62695669.68508399,80070510.45392987,102260438.02636394,130599856.62712286,166792973.70726877,213016283.45230463,272049451.52827674,347442471.8963203
Colombia,0.24597094790388135,54,3/16/20,3.9611594786554076,3.9889840465642745,54.00000000000001,52.518184374061036,67.16353232943202,85.89291744812553,109.84522421429497,140.4769291947255,179.650665535369,229.74848476765268,293.81670307611716,375.7511397466841,480.5340116567683,614.5368887360371,785.908132319918,1005.0683754997211,1285.344174321947,1643.7783604940678,2102.166371006385,2688.3815711395,3438.0701602520953,4396.818723097293,5622.926229743197,7190.949042097776,9196.234489529937,11760.71868835669,15040.341155299553,19234.52707798807,24598.313834357203,31457.859142582045,40230.27385122362,51448.98534921735,65796.17387773441,84144.25411044412,107608.9243876074,137617.00938793537,175993.2215720586,225071.11713203028,287834.993385351,368101.3560195932,470750.99073189805,602025.7509273287,769908.1083528254,984606.5461392173,1259176.3097212757,1610313.2618611564,2059369.1140043074,2633649.7675075047,3368075.7134429016,4307305.455508554,5508451.075789118,7044551.069754515,9009011.62442845,11521286.402131971,14734140.202463372,18842938.186631206,24097525.517358888,30817419.783914294,39411240.02353922,50401553.76680056,64456652.99012232,82431191.1873184,105418152.59320904,134815313.67066765,172410238.20874035,220488974.35946143,281975063.1933335,360607311.5169015
Switzerland,0.24758212099523838,41,3/3/20,4.410307211920787,4.02535169073515,56.00000000000002,82.29474154676612,105.41335468962407,135.0265537999876,172.95882751083312,221.54720810126196,283.7852575890617,363.50750305136154,465.62568435453767,596.4313696710627,763.9835831239044,978.6053265520551,1253.5195864290422,1605.6640107380974,2056.7344485809454,2634.5216456804255,3374.623450464147,4322.638020869744,5536.973156782492,7092.444842920543,9084.886710756768,11637.054411451494,14906.18867208771,19093.70300006714,24457.59290149335,31328.331153630887,40129.22844960875,51402.51384805276,65842.74186126314,84339.58441457001,108032.64411756239,138381.66592881223,177256.47300083388,227052.16771171615,290836.6954945947,372539.8629693442,477195.4559076526,611251.3740781883,782966.8905832573,1002921.5110953606,1284666.7841452581,1645561.2209210969,2107839.764535517,2699983.699464054,3458475.4021746176,4430046.044285789,5674554.730721013,7268676.458449677,9310626.11337388,11926209.553909542,15276574.592492297,19568139.41806679,25065310.156183887,32106771.103931885,41126351.29176533,52679752.974803604,67478788.81348719,86435237.118767,110717017.11226013,141820145.19602686,181660905.5049674,232693913.43007237,298063346.0836823,381796657.1149649,489052710.7725535,626439622.9167702
Mexico,0.2516329812487499,54,3/16/20,4.047789716887046,3.970291913552122,53.00000000000001,57.270732515547486,73.6572589501779,94.73236254802072,121.83755738181688,156.6981967882702,201.53329896254107,259.1967962822487,333.35919944162066,428.74124003965903,551.4143639012901,709.1872027252118,912.1026245142294,1173.077002022684,1508.7223911973947,1940.403954536286,2495.5999385624787,3209.650773383116,4128.00863146877,5309.130639006944,6828.199904226769,8781.91122093076,11294.626076276701,14526.288753507704,18682.60742101923,24028.148274530107,30903.17622652838,39745.314119780895,51117.39915989583,65743.30973954129,84554.0431740163,108746.97737910553,139862.08873244992,179879.9776881176,231347.9418641805,297542.12165619846,382676.0395890923,492168.80776564695,632990.07588131,814103.6771168448,1047038.211732469,1346620.8882761046,1731921.3343140788,2227465.453986958,2864796.5992464423,3684483.429524844,4738702.268082146,6094558.3322715,7838357.247224297,10081098.74177126,12965542.222170414,16675293.975480579,21446494.439177655,27582849.478155542,35474962.46961286,45625197.75982893,58679658.15063508,75469311.90963738,97062887.20177984,124834900.8829692,160553151.9587333,206491249.0141674,265573334.4331367,341560217.6782581,439288765.754424,564979789.0099217
Panama,0.25270822962189055,54,3/16/20,3.971402649881938,4.007333185232471,55.000000000000014,53.05890173157106,68.31373739425733,87.9544537197749,113.24202457988102,145.7999633743072,187.71855588782915,241.6890608823137,311.17649437426775,400.642090699375,515.8297228161064,664.1346706135193,855.07841289745,1100.9199256647546,1417.4427332561459,1824.9682426698723,2349.6604191569168,3025.2055659202847,3894.975053186139,5014.809848244903,6456.605618945474,8312.928581566923,10702.958439874294,13780.139964114038,17742.03445685837,22843.003589810658,29410.539939651295,37866.29267648739,48753.13829680078,62770.0343969209,80816.89417005559,104052.36266071475,133968.20412938492,172485.07634732162,222075.84072567025,285924.32503960794,368129.73163678934,473969.81455216097,610239.7220343384,785688.2588618174,1011579.577375624,1302416.3589332942,1676870.91550207,2158983.9900043528,2779708.2208319586,3578895.364085218,4607854.85724006,5932647.989226099,7638329.169324098,9834406.592958556,12661872.89021807,16302257.139015459,20989279.4005139,27023856.021660373,34793419.075718686,44796790.288116746,57676206.40415796,74258552.09223473,95608447.6186631,123096599.6306643,158487803.30655777,204054245.7899142,262721385.2182141,338255771.075892,435506864.31983024,560718382.6204019
US,0.2574367779973284,33,2/24/20,3.089251829109285,3.9318256327243257,51.0,21.960641515166373,28.408505992627436,36.74952811263694,47.53955793564018,61.49764867154707,79.55397476032726,102.91181918138824,133.1277608583334,172.21540588953886,222.77957530780577,288.1898917113144,372.8053326694221,482.26471525927604,623.8624697741261,807.0347443590761,1043.988234840492,1350.513645296575,1747.0379888054104,2259.9858542406655,2923.54035464354,3781.921107688092,4892.331054045141,6328.768491156066,8186.958358333571,10590.73139659821,13700.276293786063,17722.8147421778,22926.410800052116,29657.83482021318,38365.67240699737,49630.218394697346,64202.14799770113,83052.54219794252,107437.60108755271,138982.35769758341,179788.97104597528,232576.81510991216,300863.6993246815,389200.29723751557,503473.40576405654,651298.2444023273,842525.9374282481,1089899.9979506342,1409905.562265202,1823867.967927453,2359373.88535964,3052109.707942661,3948239.711866569,5107482.467551283,6607090.516297731,8546998.5198952,11056482.958557175,14302777.18292669,18502215.93170569,23934651.99137035,30962105.731688913,40052890.33180522,51812820.414527684,67025583.84847282,86704967.11599691,112162414.57264636,145094423.7823853,187695600.99927184,242804910.8718042,314094866.52643234
Germany,0.26147948538529314,38,2/29/20,4.664017106191712,4.3694478524670215,79.0,106.06128699104659,137.7577339902882,178.92667355376338,232.3989628870639,301.8514617092812,392.05986035448626,509.2270656261429,661.4097248612785,859.0722168374342,1115.8062030260733,1449.26521695098,1882.3785558529394,2444.927944237585,3175.5953837910324,4124.623003848721,5357.267808963905,6958.288878809131,9037.775569096075,11738.717472064667,15246.836661904194,19803.358309627878,25721.597799981242,33408.50491314632,43392.64649152291,56360.551734757275,73203.91929694386,95080.93223879328,123495.89697139918,160402.68232191273,208339.07139459965,270601.2645253272,351470.5324956365,456507.605126894,592935.0379929184,770133.8495378174,1000288.5783434192,1299225.1159519583,1687498.926275707,2191808.4796991968,2846831.0923810406,3697607.4066743515,4802638.47422637,6237908.403278673,8102109.175303388,10523426.89963718,13668356.142320257,17753148.419717256,23058682.07784394,29949776.039530873,38900275.47064081,50525634.305058286,65625235.06691348,85237355.98419783,110710565.04054935,143796450.16053715,186770061.83825827,242586350.081123,315083352.58058155,409246105.7277961,531549425.51442283,690403128.6070255,896730307.8713181,1164718425.707908,1512794871.8536808,1964894066.9208
Austria,0.2620893963325637,44,3/6/20,4.1808690279212515,4.007333185232471,55.000000000000014,65.42268265515835,85.02611327026948,110.5035691665982,143.61515925986595,186.6483962897286,242.57622953639788,315.2624308904034,409.72852336305743,532.5006927819819,692.0606490508665,899.4315847036822,1168.9397116741964,1519.2039870148885,1974.4224027228597,2566.043702948566,3334.9400190969345,4334.230519220888,5632.95114340099,7320.823948617821,9514.455553097085,12365.392899381379,16070.592868164664,20886.02903569894,27144.375597007915,35277.99014796216,45848.78309070042,59587.03718895181,77441.85912052475,100646.74847023888,130804.81399428095,169999.52431784535,220938.64427311672,287141.3007131496,373181.10123513476,485002.1016593201,630329.450862905,819203.0823491511,1064671.3226101683,1383692.33418652,1798305.6695775865,2337154.8727529235,3037466.3171227174,3947620.9879012336,5130496.880334181,6667812.923224159,8665774.527518895,11262410.782437455,14637110.189004565,19023013.706723765,24723121.28647099,32131224.608722985,41759112.164415956,54271926.14024613,70534113.73727003,91669147.46762292,119137140.20341511,154835717.01003677,201231112.49001563,261528550.49164504,339893676.85702336,441740342.8811392,574104620.9895514,746130891.4912564,969703581.6885839,1260268201.0126736
South Africa,0.26591767913320147,53,3/15/20,3.863332449927345,3.9318256327243257,51.0,47.623791125225665,62.13131499443042,81.05823185698438,105.75081104221954,137.96543274985856,179.99351916323855,234.82452303474042,306.3585671019844,399.6838593509925,521.4386166407597,680.2832402732946,887.5163293008756,1157.8783485232673,1510.6001159832929,1970.7706887507134,2571.121944546386,3354.356796283866,4376.186645149917,5709.294125897684,7448.503013950665,9717.523029190384,12677.7492935134,16539.74234651962,21578.205291472557,28151.523394130378,36727.25598377072,47915.39389227751,62511.74802894684,81554.55531514148,106398.32835214572,138810.20174024766,181095.62815118927,236262.36490055293,308234.4153653466,402131.1428741847,524631.4104076459,684448.6473220763,892950.6345359904,1164968.0934251586,1519849.5932576093,1982837.8126080574,2586865.0480613085,3374895.68452365,4402982.246774861,5744252.408841748,7494110.556692292,9777023.890781848,12755375.76311254,16641015.985610796,21710329.681873582,28323896.52790437,36952138.741275914,48208782.157118246,62894510.473258585,82053917.78574038,107049810.44175078,139660143.29185724,182204485.40556076,237709010.74136886,310121749.5379831,404593411.2322734,527843753.804561,688639559.3588605,898418214.2838236,1172101249.1765904
Ireland,0.27639490786197535,51,3/13/20,4.4319271037239645,4.499809670330265,90.0,84.09331740577359,110.86597192234714,146.16219349485164,192.69561648897857,254.0438106888114,334.9233310296081,441.552334472634,582.1286426325347,767.4600044362342,1011.7950144931516,1333.9185696135596,1758.596084060787,2318.477497295724,3056.6074576115343,4029.7346689040387,5312.6748288628,7004.062588792888,9233.934755654676,12173.727745968441,16049.45791307518,21159.098074036992,27895.486173522244,36776.52734224994,48485.011336315634,63921.10659077874,84271.56672085439,111100.97018583068,146472.00777837506,193104.06584878336,254582.2974158515,335633.25491181796,442488.2756819967,583362.5579428022,769086.7593837478,1013939.6768028261,1336746.0246211912,1762323.711381934,2323391.8833453204,3063086.4288615463,4038276.3398340074,5323935.897859795,7018908.826255626,9253507.565914445,12199531.920421787,16083477.321140833,21203948.186457053,27954615.14426183,36854481.108518675,48587783.118057504,64056597.65975446,84450193.86403507,111336466.56593974,146782478.76311487,193513380.9827173,255121925.5521414,336344683.5919079,443426200.76932657,584599088.7350807,770716962.5000818,1016088885.0692959,1339579472.8745854,1766059240.0088875,2328316686.22677,3069579133.333458,4046836116.209687
Chile,0.292101095396383,52,3/14/20,4.222055879798343,4.110873864173311,61.00000000000001,68.17349683054333,91.30056492906198,122.27322264377717,163.75299525595508,219.30429962918407,293.7007397066096,393.33530920307874,526.7697508029112,705.4702790938484,944.7928889731568,1265.3029185025343,1694.5422581567693,2269.396065313266,3039.2623591821157,4070.296864054074,5451.097866387157,7300.319593724812,9776.868344109313,13093.55753414019,17535.39506371024,23484.074457124632,31450.774339787455,42120.08475693377,56408.834986517984,75544.878005318,101172.601671394,135494.23335143912,181459.0805040556,243016.96893602598,325457.657047554,435865.39242355264,583727.6714764126,781750.5137369615,1046950.3084927817,1402116.0577349376,1877767.668064752,2514778.570416964,3367888.033105868,4510404.986335252,6040507.564616656,8089679.695888612,10834009.705643937,14509321.841461843,19431440.99173659,26023331.975197196,34851445.51962526,46674394.19229881,62508141.075277865,83713302.94269884,112112070.0283902,150144789.4685763,201079667.86140347,269293612.98757905,360648347.8274324,482994116.89595443,646844269.109829,866278685.0680445,1160153681.5591726,1553722362.1398234,2080804652.853421,2786693497.397703,3732046945.295678,4998100585.836707,6693648239.77638,8964390769.73095
Spain,0.29216128797280394,39,3/1/20,4.587213237676942,4.430816798843313,83.99999999999999,98.22033169596726,131.5483580246486,176.18521746136227,235.96821213147513,316.03671374265997,423.27398055467745,566.8988912487149,759.2584653511628,1016.8893009079592,1361.9391781464242,1824.071040293152,2443.0130312900255,3271.973809799474,4382.216744198262,5869.186218916753,7860.712713018603,10528.002017972554,14100.35330598808,18884.871318819998,25292.86727708687,33875.21812016798,45369.72380859806,60764.5338597236,81383.0957130436,108997.92769131175,145982.9972908772,195517.8043236043,261860.71334974607,350715.0330030558,469719.3129923694,629104.0081994486,842570.9613925109,1128471.3111489636,1511383.0863357119,2024224.1083966154,2711081.8415655573,3631003.465070075,4863071.98890664,6513204.792227333,8723259.035083834,11683226.709527323,15647567.703450736,20957084.98358681,28068222.44408134,37592304.072223835,50348087.7092924,67432151.3018303,90313162.54646336,120958136.01786307,162001531.74116483,216971732.12563354,290594366.828664,389198561.5142517,521261034.5405407,698134816.0001514,935025234.9883962,1252297077.911261,1677225290.464535,2246339726.0862904,3008565512.1476636,4029429002.110165,5396690887.231584,7227890730.194397,9680451502.463102,12965212783.31773
Brazil,0.30035782743299216,50,3/12/20,4.268312544929395,3.9512437185814275,52.00000000000001,71.40104784437617,96.41582735906265,130.1943325200761,175.8068637135941,237.39937622894735,320.5703272524478,432.87954815700454,584.535396081895,789.3226435098089,1065.855446451054,1439.2692798952482,1943.505629161612,2624.3971043818733,3543.8333998852727,4785.386763753641,6461.908305127985,8725.785606329651,11782.79400640949,15910.80056983864,21485.020839324625,29012.124087662723,39176.28706867942,52901.3823272677,71434.95368077212,96461.61183095913,130256.1572113289,175890.34818529733,237512.1088099656,320722.55478127766,433085.10736911837,584812.971301104,789697.4649616277,1066361.5835664074,1439952.738054574,1944428.531358236,2625643.337897285,3545516.2412314266,4787659.174952094,6464976.837207183,8729929.173799973,11788389.239223698,15918356.047206763,21495223.3170688,29025900.920951746,39194890.504063785,52926503.32574679,71468875.61785258,96507418.04428463,130318011.26094438,175973872.3008286,237624894.92370588,320874854.5975855,433290764.19404274,585090678.3309853,790072464.4029187,1066867961.0284028,1440636520.7640476,1945351871.8085248,2626890163.204985,3547199881.6994944,4789932665.238385,6468046826.423914,8734074708.90416,11793987129.016397,15925915112.404299
Portugal,0.31206907519735344,49,3/11/20,4.08712437091319,4.07753744390572,59.000000000000014,59.56834869915617,81.38520063600878,111.19245416748025,151.9165863961373,207.5558939232831,283.5730457368183,387.4314082267316,529.3277987353482,723.1936094092775,988.0625917247758,1349.9395908148588,1844.3537019940122,2519.84651846954,3442.7379465111285,4703.637495963995,6426.340324815928,8779.981451757567,11995.641437712837,16389.033882681888,22391.502197060337,30592.36891143168,41796.7953814193,57104.83255526608,78019.42401102436,106593.96500499276,145633.9048834826,198972.1861891322,271845.5630820132,371408.74603011843,507436.85151134315,693285.1232611098,947200.1505283423,1294111.318789988,1768078.377612389,2415635.4279502057,3300359.641662576,4509113.270274349,6160571.783601684,8416875.431164334,11499548.177055744,15711246.929804325,21465476.407307483,29327187.043225516,40068241.838580236,54743197.895817585,74792842.86876598,102185651.54045014,139611050.7400824,190743467.35494795,260603083.67940935,356048719.0727139,486451229.0624774,664613536.2393152,908027621.6051996,1240591887.8262255,1694957505.1687226,2315734104.4375715,3163869551.951667,4322633813.003334,5905794399.707029,8068786068.967903,11023971411.873095,15061490619.658995,20577747456.942276,28114328195.975163
Pakistan,0.3555351071580717,53,3/15/20,4.45926744134129,3.970291913552122,53.00000000000001,86.42417512342807,123.32245970129763,175.97424615344062,251.10539786732656,358.3133453694613,511.2930847376282,729.5866087012904,1041.0792468851796,1485.5618035867258,2119.813528968793,3024.8552343967144,4316.299081980189,6159.1171548474995,8788.71538015235,12541.004837443941,17895.311832258438,25535.608168941537,36437.88332217189,51994.81963445427,74193.69684337334,105870.25188252979,151070.92260589244,215569.74930331338,307605.96422597626,438936.4905474621,626337.7994601716,893748.9761749249,1275329.7551292423,1819824.1650345465,2596787.206072887,3705469.96967469,5287498.207034647,7544963.936612112,10766241.155229257,15362823.412592713,21921888.967894014,31281308.325574785,44636675.78979085,63694037.50078889,90887825.79279323,129691839.32230419,185062994.30188453,264074532.66868162,376819574.6926414,537700437.9657208,767268423.4208227,1094849086.985872,1562288355.2661924,2229298022.9081016,3181083478.0850625,4539228039.750926,6477224297.573116,9242636464.54162,13188724813.448555,18819571977.3449,26854475654.030743,38319833390.52927,54680257026.63512,78025665665.80768,111338256870.79144,158873459614.18167,226703532812.36523,323493250001.70953,461606757947.0956,658687001912.103
Luxembourg,0.38065666238802465,52,3/14/20,3.7877754225047156,3.9318256327243257,51.0,44.15805790957063,64.61406327768044,94.54621355408895,138.34428673832042,202.43160411902977,296.20705930354035,433.4235376095755,634.2048815301607,927.9972056316841,1357.8873937116791,1986.9221187427925,2907.3541180452244,4254.171760422552,6224.896119412173,9108.548944348175,13328.039903004976,19502.18950805728,28536.483862299057,41755.87109779722,61099.07511903911,89402.92424168647,130818.3936891389,191419.37775036343,280093.47267637734,409845.4104172511,599704.3016927518,877514.4001311319,1284018.674309946,1878834.0746662375,2749194.8137156367,4022745.9282712922,5886263.3970824415,8613046.261840856,12602998.014900355,18441275.494744074,26984106.596777555,39484362.62089251,57775301.397761196,84539428.52393626,123701907.25531588,181006213.61865613,264856460.95124885,387549927.1832206,567080544.3834912,829777846.0586429,1214168393.9417615,1776625991.944023,2599639334.214528,3803909600.9174623,5566052206.362685,8144498795.78701,11917398216.055069,17438074926.538082,25516178248.864006,37336423611.58591,54632340098.417816,79940505702.3999,116972555823.95384,171159522894.75235,250448338682.53528,366467312411.3082,536231510947.2616,784638148054.1298,1148117950573.7153,1679978002214.9097
Ecuador,0.5204197993929359,55,3/17/20,4.176607647312853,4.060443010546419,57.999999999999986,65.1444848782393,109.62083389213844,184.462694665068,310.4016318337675,522.3233522637652,878.9312179459305,1479.0073668576972,2488.7758524853143,4187.947526639973,7047.2013252520865,11858.564655531838,19954.808894919515,33578.633637335486,56503.90554416511,95081.03802633694,159996.0870863957,269230.8415466272,453043.86725885404,762352.2791140248,1282836.0330463974,2158671.696495418,3632470.0688243527,6112480.569568076,10285678.341580829,17308059.754526258,29124859.101923864,49009388.096495636,82469759.36217609,138774660.80302885,233520827.87607262,392953416.25317633,661236039.412244,1112684307.4342568,1872351617.6022975,3150669562.350303,5301738518.44807,8921415198.180256,15012367898.072012,25261820563.29273,42508922143.71846,71531204858.86252,120367984190.74132,202547288931.16736,340833191892.2463,573531570372.8547,965101023137.2831,1624008220253.8765,2732773705781.2646,4598530988865.319,7738104040893.891,13021170085117.432,21911164477696.902,36870659520638.375,62043509137572.48,104402716852659.97,175681992165331.0,295626045965232.8,497459972851357.4,837092766238786.8,1408604385339527.2,2370306367970409.0,3988594907495475.0,6711743912547867.0,1.129407909110278e+16,1.9004929892753156e+16
Turkey,0.631911865905135,56,3/18/20,4.6067159861075835,4.584967478670572,98.00000000000004,100.15469954843492,188.4113966362809,354.44022639463566,666.7742839845248,1254.3382852037485,2359.665889220761,4439.012325807758,8350.686645379436,15709.343054511364,29552.47510584936,55594.22706928794,104584.06858854956,196743.94229642654,370115.44255964877,696262.5594577837,1309811.7396832881,2464022.759960259,4635328.862657954,8719998.05120973,16404093.057056617,30859441.417792693,58052896.99990589,109209327.68856129,205444997.07235786,386483899.45616347,727054961.9966347,1367738522.8925605,2572994841.912619,4840327552.161069,9105642355.191797,17129568568.896671,32224208673.123566,60620302282.131325,114039140140.06314,214530858380.73004,403576255845.5517,759209166978.0226,1428227133967.0942,2686786244058.7583,5054392364897.955,9508341884223.242,17887128434102.008,33649333134406.63,63301251766693.63,119082552371093.05,224018544395915.28,421424526381306.56,792785400488235.6,1491390870446442.5,2805610102155240.5,5277924252653702.0,9928850910306774.0,1.8678191591994524e+16,3.5137484115618892e+16,6.61007669770636e+16,1.2434901089044782e+17,2.3392582592571488e+17,4.400621415737455e+17,8.278465521287473e+17,1.557348040484874e+18,2.9296889779458847e+18,5.511341899415904e+18,1.0367957063331174e+19,1.950423973487661e+19,3.66914489818804e+19
